speed_kmh,grade_fraction,acceleration_m_s2,force_N,wheel_kW,drive_kW,wheel_torque_Nm
30,0,0,214.80095,1.7900079166666667,2.105891666666667,60.14426600000001
30,0.05,0,802.2455906764004,6.685379922303338,7.865152849768633,224.62876538939213
30,0.1,0,1384.8826916694452,11.540689097245377,13.577281290876915,387.7671536674447
50,0,0,282.8565055555556,3.9285625771604944,4.62183832607117,79.19982155555557
50,0.05,0,870.301146231956,12.087515919888277,14.220606964574444,243.6843209449477
50,0.1,0,1452.9382472250009,20.179697878125012,23.74082103308825,406.8227092230003
60,0,0,329.64470000000006,5.494078333333335,6.463621568627453,92.30051600000003
60,0.05,0,917.0893406764005,15.284822344606678,17.982143934831385,256.7850153893922
60,0.1,0,1499.7264416694452,24.995440694490753,29.406400817047945,419.9234036674447
80,0,0,448.74192222222223,9.972042716049382,11.731814960058097,125.64773822222223
80,0.05,0,1036.1865628986227,23.026368064413838,27.089844781663338,290.13223761161436
80,0.1,0,1618.8236638916674,35.97385919759261,42.322187291285424,453.2706258896669
90,0,0,521.0509500000001,13.026273750000001,15.325027941176472,145.89426600000002
90,0.05,0,1108.4955906764003,27.712389766910007,32.60281149048236,310.37876538939213
90,0.1,0,1691.1326916694452,42.27831729173613,49.73919681380721,473.5171536674447
100,0,0,601.8669222222222,16.71852561728395,19.668853667392884,168.52273822222224
100,0.05,0,1189.3115628986227,33.03643230273952,38.866390944399434,333.0072376116144
100,0.1,0,1771.9486638916674,49.220796219212986,57.906819081427045,496.1456258896669
110,0,0,691.1898388888887,21.119689521604933,24.846693554829333,193.53315488888887
110,0.05,0,1278.6344795652892,39.06938687560606,45.96398455953654,358.017654278281
110,0.1,0,1861.2715805583339,56.872187183726865,66.9084555102669,521.1560425563335
