case,eta_is,drive_kW,steam_kg_h,makeup_kg_h,boiler_kW,burner_LHV_kW,condenser_kW,fuel_kg_h,diesel_L_h,gross_engine_kW,feed_pump_kW,net_efficiency_LHV,specific_steam_kg_kWh_drive,fan_lower_estimate_kW,fan_shaft_kW,total_aux_shaft_kW,air_m3_s,exchange_area_m2,shaft_torque_at_rpm_Nm,condensate_h_kJ_kg,makeup_h_kJ_kg,feed_density_kg_m3,exhaust_liquid_h_kJ_kg,exhaust_vapor_h_kJ_kg,feed_temperature_C,inlet_saturation_temperature_C,return_fraction,pump_specific_work_kJ_kg,h1_kJ_kg,h2s_kJ_kg,h2_kJ_kg,h3_kJ_kg,h4_kJ_kg,s1_kJ_kgK,inlet_density_kg_m3,exhaust_quality,exhaust_temperature_C,lost_steam_energy_kW,mechanical_loss_kW,balance_residual_kW
A,0.3,8,1042.1368075807522,31.264104227422592,730.1583966930442,859.009878462405,681.7900835644122,72.59238409541452,86.9369869406162,22.825889406899847,0.2596703564584448,0.00931304773155775,130.26710094759403,10.452975240353124,13.066219050441404,14.566219050441404,22.996545528776874,426.1188022277576,136.23199235913907,335.00646124063724,84.03063342506505,972.9228608372645,439.2993636805645,2683.0580285040846,78.20412466420277,158.8324239544853,0.97,0.8970158970015703,2850.6632232590687,2558.623646614123,2763.051350265585,327.47718640617,328.37420230317156,6.9683531147390845,2.8399728136356215,,143.9759762037205,23.26588414409067,2.5362099340999826,0.0
A,0.4,8,573.4056336774038,17.202169010322127,401.7485373274373,472.6453380322792,370.6232325577481,39.941859552023594,47.83456233775281,16.745713850497552,0.14287610245524726,0.016926010596667818,71.67570420967547,5.682270198433843,7.102837748042303,8.602837748042303,12.500994436554455,231.63952034859255,99.9436175590913,335.00646124063724,84.03063342506505,972.9228608372645,439.2993636805645,2683.0580285040846,78.20412466420277,158.8324239544853,0.97,0.8970158970015703,2850.6632232590687,2558.623646614123,2733.8473926010906,327.47718640617,328.37420230317156,6.9683531147390845,2.8399728136356215,,129.4856507029212,12.661832149369456,1.8606348722775055,-5.684341886080802e-14
A,0.5,8,395.5124629369717,11.865373888109161,277.11020636587494,326.01200748926465,252.52897973916964,27.550310492050535,32.99438382281501,14.438161529239089,0.09855026853241888,0.02453897346177789,49.43905786712146,3.8716890085653346,4.839611260706668,6.339611260706668,8.517715818843737,157.83061233698103,86.17142912016149,335.00646124063724,84.03063342506505,972.9228608372645,439.2993636805645,2683.0580285040846,78.20412466420277,158.8324239544853,0.97,0.8970158970015703,2850.6632232590687,2558.623646614123,2704.643434936596,327.47718640617,328.37420230317156,6.9683531147390845,2.8399728136356215,,115.1759821098351,8.6373751960832,1.6042401699154538,-5.684341886080802e-14
A,0.6,8,301.8626851315406,9.055880553946228,211.49581570654217,248.81860671357904,190.35964243113187,21.02692451100668,25.18194552216369,13.223377615608246,0.07521545202071431,0.03215193632688808,37.73283564144258,2.918529730870024,3.64816216358753,5.14816216358753,6.420765407914054,118.97477651945742,78.92122169605399,335.00646124063724,84.03063342506505,972.9228608372645,439.2993636805645,2683.0580285040846,78.20412466420277,158.8324239544853,0.97,0.8970158970015703,2850.6632232590687,2558.623646614123,2675.439477272101,327.47718640617,328.37420230317156,6.9683531147390845,2.8399728136356215,0.9966045585243086,104.78378433819114,6.518746932310737,1.469264179512027,0.0
A,0.7,8,244.07127967184138,7.322138390155248,171.0050858463727,201.18245393690907,151.9948596871278,17.001334135513442,20.360879204207716,12.473732807647059,0.06081550496309942,0.039764899191998146,30.508909958980173,2.3303338421471658,2.912917302683957,4.412917302683957,5.126734452723766,94.99678730445488,74.44710881792157,335.00646124063724,84.03063342506505,972.9228608372645,439.2993636805645,2683.0580285040846,78.20412466420277,158.8324239544853,0.97,0.8970158970015703,2850.6632232590687,2558.623646614123,2646.235519607607,327.47718640617,328.37420230317156,6.9683531147390845,2.8399728136356215,0.9835889173493736,104.78378433819114,5.211338544600152,1.3859703119607836,0.0
B,0.3,18,1225.8653054729598,36.77595916418883,890.148623968789,1047.2336752573988,821.8274528461395,88.49862044428723,105.98637178956554,36.80996810495768,0.5599920061347795,0.017188140932897132,68.1036280818311,12.599980879058323,15.749976098822904,18.249976098822906,27.719957933928313,513.6421580288372,159.77695578979151,335.00646124063724,84.03063342506505,972.9228608372645,439.2993636805645,2683.0580285040846,78.20412466420277,179.88563239146663,0.97,1.6445291445028787,2943.222165233663,2542.852261181757,2823.1111940180913,327.47718640617,329.1217155506729,6.926622739684809,4.296659720062035,,174.08159715206057,27.981198567720163,4.089996456106409,0.0
B,0.4,18,760.9821375468832,22.829464126406517,552.5788188783418,650.0927280921669,501.9577079851436,54.93741364159157,65.79330975040907,30.467434539486014,0.3476270287894299,0.0276883577098682,42.27678541927129,7.69584600855727,9.619807510696587,12.119807510696587,16.930861218825996,313.72356749071474,132.2466220987621,335.00646124063724,84.03063342506505,972.9228608372645,439.2993636805645,2683.0580285040846,78.20412466420277,179.88563239146663,0.97,1.6445291445028787,2943.222165233663,2542.852261181757,2783.0742036129004,327.47718640617,329.1217155506729,6.926622739684809,4.296659720062035,,153.97880142096557,17.116032878114268,3.3852705043873343,1.1368683772161603e-13
B,0.5,18,551.7447539834094,16.552342619502298,400.64339152729474,471.3451665026997,357.9888291065833,39.83198590163659,47.70297712770849,27.612749276685044,0.2520445356256354,0.03818857448683926,30.652486332411634,5.488563792847525,6.860704741059405,9.360704741059404,12.074840344264555,223.74301819161457,119.85560562931587,335.00646124063724,84.03063342506505,972.9228608372645,439.2993636805645,2683.0580285040846,78.20412466420277,179.88563239146663,0.97,1.6445291445028787,2943.222165233663,2542.852261181757,2743.0372132077096,327.47718640617,329.1217155506729,6.926622739684809,4.296659720062035,,134.02987530600393,12.22577442668703,3.068083252965004,0.0
B,0.6,18,432.7555703951018,12.982667111853065,314.24070310351516,369.6949448276649,276.1165600687367,31.24182632346464,37.41536086642472,25.9893459295522,0.19768865221130888,0.048688791263810184,24.041976133061212,4.233325821872713,5.2916572773408905,7.7916572773408905,9.313316808119968,172.57285004296045,112.80907833854897,335.00646124063724,84.03063342506505,972.9228608372645,439.2993636805645,2683.0580285040846,78.20412466420277,179.88563239146663,0.97,1.6445291445028787,2943.222165233663,2542.852261181757,2703.000222802519,327.47718640617,329.1217155506729,6.926622739684809,4.296659720062035,,114.37830872878959,9.44478065415389,2.887705103283577,1.1368683772161603e-13
B,0.7,18,355.98409793758924,10.679522938127686,258.4939418051793,304.1105197707992,223.29281207816118,25.6994805440112,30.77782101079186,24.941930848673458,0.16261839556609237,0.05918900804078125,19.776894329866067,3.4234499624858934,4.279312453107367,6.779312453107367,7.531589917468967,139.55800754885072,108.26267958607127,335.00646124063724,84.03063342506505,972.9228608372645,439.2993636805645,2683.0580285040846,78.20412466420277,179.88563239146663,0.97,1.6445291445028787,2943.222165233663,2542.852261181757,2662.9632323973287,327.47718640617,329.1217155506729,6.926622739684809,4.296659720062035,0.9910441365990951,104.78378433819114,7.650491624058205,2.771325649852606,-5.684341886080802e-14
C,0.3,29.41995,1239.3506977019451,37.18052093105839,927.1931574425186,1090.8154793441395,843.8230209061801,92.18158980373009,110.39711353740131,50.300969096105256,1.2095072235309192,0.026970601863560786,42.12620000040602,12.937209498059472,16.17151187257434,19.67151187257434,28.461860895730844,527.3893880663626,160.11295747915636,335.00646124063724,84.03063342506505,972.9228608372645,439.2993636805645,2683.0580285040846,78.20412466420277,212.38453531849052,0.97,3.5133122632561498,3024.251875761745,2483.097875371321,2861.905675644618,327.47718640617,330.9904986694262,6.768515327897763,7.968052703097118,,193.62688443079026,28.689678097530223,5.588996566233916,-1.1368683772161603e-13
C,0.4,29.41995,815.4447529966833,24.46334258990052,610.0571828884869,717.7143328099845,543.3127858659565,60.65191544873109,72.63702448949832,44.12811901815359,0.7958089029753138,0.040991169682811614,27.717407847283333,8.329888092142625,10.41236011517828,13.91236011517828,18.325753802713773,339.5704911662228,140.4641654217324,335.00646124063724,84.03063342506505,972.9228608372645,439.2993636805645,2683.0580285040846,78.20412466420277,212.38453531849052,0.97,3.5133122632561498,3024.251875761745,2483.097875371321,2807.7902756055755,327.47718640617,330.9904986694262,6.768515327897763,7.968052703097118,,166.3769047793603,18.50896257200186,4.903124335350398,-2.2737367544323206e-13
C,0.5,29.41995,607.6164061495457,18.228492184486388,454.57494410283635,534.7940518856899,395.9816475813104,45.193863539635764,54.124387472617684,41.10175611133494,0.5929850475224523,0.05501173750206256,20.653210020735784,6.071056851049996,7.588821063812495,11.088821063812496,13.356325072309993,247.48852973831902,130.8309530975295,335.00646124063724,84.03063342506505,972.9228608372645,439.2993636805645,2683.0580285040846,78.20412466420277,212.38453531849052,0.97,3.5133122632561498,3024.251875761745,2483.097875371321,2753.674875566533,327.47718640617,330.9904986694262,6.768515327897763,7.968052703097118,,139.30872886656158,13.517663667565232,4.566861790148326,-1.1368683772161603e-13
C,0.6,29.41995,484.2085757018072,14.52625727105423,362.2500709429332,426.17655405050965,308.4968727229652,36.01492006060645,43.13164079114545,39.304711164657384,0.47254886860748696,0.0690323053213134,16.458511170202776,4.729769836839917,5.912212296049895,9.412212296049894,10.40549364104782,192.81054545185324,125.11078137308859,335.00646124063724,84.03063342506505,972.9228608372645,439.2993636805645,2683.0580285040846,78.20412466420277,212.38453531849052,0.97,3.5133122632561498,3024.251875761745,2483.097875371321,2699.5594755274906,327.47718640617,330.9904986694262,6.768515327897763,7.968052703097118,,112.71122701200301,10.55384579451178,4.367190129406374,-5.684341886080802e-14
C,0.7,29.41995,402.46692225172023,12.07400766755162,301.09683812715974,354.23157426724674,250.54957616419333,29.935062614133525,35.850374388183866,38.11440237523454,0.39277554819498006,0.08305287314056423,13.680068193580215,3.841341461631647,4.801676827039558,8.301676827039557,8.450951215589624,156.59348510262083,121.32191082024107,335.00646124063724,84.03063342506505,972.9228608372645,439.2993636805645,2683.0580285040846,78.20412466420277,212.38453531849052,0.97,3.5133122632561498,3024.251875761745,2483.097875371321,2645.444075488448,327.47718640617,330.9904986694262,6.768515327897763,7.968052703097118,0.9832361859564807,104.78378433819114,8.590701538678632,4.234933597248281,-5.684341886080802e-14
