key,title,url
manual,"Шейнин / Стрюк, технический альбом ЗАЗ-968М, 1991",https://djvu.online/file/yS7dQhMxx1lMm
repair,"Фучаджи / Стрюк, руководство ЗАЗ-968М, 1988",https://ru.scribd.com/document/541582918/Автомобиль-ЗАЗ-968М-Запорожец
album,"Многокрасочный альбом ЗАЗ-968М, техническая характеристика",https://ru.scribd.com/document/1045920404/Zaz-968M-Zaporozsec-Автомобиль-ЗАЗ-968М-ЗАПОРОЖЕЦ-Многокрасочный-Альбом
iapws,"IAPWS IF97, формулировка свойств воды и пара",https://www.iapws.org/relguide/IF97-Rev.html
coolprop,CoolProp: IF97 backend,https://coolprop.org/fluid_properties/IF97.html
heat,Spirax Sarco: Heat Transfer,https://www.spiraxsarco.com/learn-about-steam/steam-engineering-principles-and-heat-transfer/heat-transfer
valve,Spirax Sarco: Safety Valve Sizing,https://www.spiraxsarco.com/learn-about-steam/safety-valves/safety-valve-sizing
level,Spirax Sarco: Level Controls,https://www.spiraxsarco.com/global/en-GB/products/boiler-controls-and-systems/level-controls
water,Spirax Sarco: Water for the Boiler,https://www.spiraxsarco.com/learn-about-steam/the-boiler-house/water-for-the-boiler
boiler,Clayton: продуктовые линейки парогенераторов,https://www.claytonindustries.com/products/
fin,Traficom: Modification inspection,https://www.traficom.fi/en/drivers-and-vehicles/vehicle-inspection/modification-inspection
exception,Traficom: разрешение на отклонение от требований к переделкам,https://www.traficom.fi/fi/autoilijat/katsastus/hae-poikkeuslupaa-ajoneuvon-rakenteen-muuttamiselle
tukes,Tukes: Requirements for pressure equipment,https://tukes.fi/en/products-and-services/pressure-equipment
rus,Правительство РФ: постановление №413 от 06.04.2019,https://government.ru/docs/all/121391/
vwvideo,"Steve Lehto: 1963 Steam Powered VW, оригинальный обзор 2017",https://www.youtube.com/watch?v=Y-ywYzSoVDk
vwvisit,"Steve Lehto: репортаж об автомобиле, Road & Track / Yahoo",https://autos.yahoo.com/nuclear-engineers-built-steam-powered-183056660.html
vwowner,"Tom Kimmel: письмо о машине MSS и Hirth, 03.05.2011",https://wiki.opensourceecology.org/wiki/Steam_Engine/Correspondence
catpump,"Cat Pumps 5CP, паспорт Rev L, 09.2025",https://www.catpumps.com/sites/default/files/2025-09/5CP2120W_L.pdf
cat_tb002,"Cat Pumps TB002 Rev B: горячая вода, подпор и резервуар",https://www.catpumps.com/sites/default/files/2025-12/TB002_B.pdf
riello,"Riello RL28/38/50, инструкция 2916064 (9), 10.2021",https://www.riello.com/international/products/commercial-boilers?action=download&id=3474633-be830acd70075689c19a0b24d7b1ef8c
