Параметр,"Принято, мм",Основание,"Погрешность, мм",Комментарий
length,3765,documented,НЕ УСТАНОВЛЕНА,Наружная длина с бамперами; ограничение модели
width,1490,documented,НЕ УСТАНОВЛЕНА,Наружная ширина; не внутренний просвет
height,1400,project_reference,НЕ УСТАНОВЛЕНА,"Справочный габарит проекта. Альбом 1991: 1370 мм с нагрузкой; высота по фото зависит от подвески. В модели приняты 1400 мм, не обмер."
loaded_height_documented,1370,documented,НЕ УСТАНОВЛЕНА,Высота с нагрузкой в таблице альбома; не смешивать с ненагруженным состоянием
wheelbase,2160,documented,НЕ УСТАНОВЛЕНА,Расстояние между осями; ограничение модели
front_track,1228,documented,НЕ УСТАНОВЛЕНА,Колея передних колёс
rear_track,1212,documented,НЕ УСТАНОВЛЕНА,Колея задних колёс
front_axle_x,675,photo_estimate,НЕ УСТАНОВЛЕНА,Оценка переднего свеса округлена до 25 мм; в прежнем layout.json X=800 условно. Не заводской размер.
tyre_radius,280,project_assumption,НЕ УСТАНОВЛЕНА,"Статический радиус согласован с расчётным R=0,28 м; деформация, фактический размер шины и ход подвески не восстановлены."
arch_radius,325,photo_estimate,НЕ УСТАНОВЛЕНА,Упрощённый статический профиль арки; не оболочка движения колеса
cabin_floor_z,300,internal_hypothesis,НЕ УСТАНОВЛЕНА,Уровень пола из анатомии разреза; без масштабной линейки и обмеров
rear_bulkhead_x,2780,internal_hypothesis,НЕ УСТАНОВЛЕНА,Наклонная перегородка за задним сиденьем; координаты не измерены
wheelhouse_inner_y,465,internal_hypothesis,НЕ УСТАНОВЛЕНА,Граница внутренней ниши по ширине; перспективный разрез не задаёт просвет
