Код,Что нужно,Единицы,Метод,Фактическое значение
M01,Снаряженная масса по четырем колесам,кг,Взвешивание с фиксацией топлива и комплектности,НЕ УСТАНОВЛЕНО
M02,Разрешенная полная масса и нагрузки на оси,кг,Регистрационные документы и оригинальная техническая таблица,НЕ УСТАНОВЛЕНО
G01,Передняя ось относительно переднего габарита,мм,Заводской размер или фактический обмер,НЕ УСТАНОВЛЕНО
G02,Внутренняя моторная полость XYZ,мм,Обмер/скан с точками и общей базой,НЕ УСТАНОВЛЕНО
G03,Передний багажник и силовые элементы,мм,"Обмер, толщины и дефекты",НЕ УСТАНОВЛЕНО
G04,Ход подвески и оболочки колес/рулевых деталей,мм,Крайние положения с учетом шин,НЕ УСТАНОВЛЕНО
T01,"Фланец КПП, первичный вал и подшипник",мм,"Размеры, допуски, биение, шлицы",НЕ УСТАНОВЛЕНО
T02,Крепления кузова и двигателя,мм,"Координаты, резьбы, состояние",НЕ УСТАНОВЛЕНО
H01,"Изделия: мощность, P/T, поток, массы",СИ,Паспорта и карты измерений,НЕ УСТАНОВЛЕНО
H02,Изделия: CAD/STEP и зона обслуживания,мм,От изготовителя,НЕ УСТАНОВЛЕНО
E01,"Панель, кабельные вводы и силовая сеть",мм / А,Обмер и баланс потребителей,НЕ УСТАНОВЛЕНО
L01,"Страна основной регистрации, год, VIN",текст,Документы владельца,НЕ УСТАНОВЛЕНО
