speed_kmh,grade_fraction,acceleration_m_s2,force_N,wheel_kW,drive_kW,wheel_torque_Nm,wheel_rpm
30,0,0,214.8,1.8,2.1,60.1,284.0
30,0.05,0,802.2,6.7,7.9,224.6,284.0
30,0.1,0,1384.9,11.5,13.6,387.8,284.0
50,0,0,282.9,3.9,4.6,79.2,474.0
50,0.05,0,870.3,12.1,14.2,243.7,474.0
50,0.1,0,1452.9,20.2,23.7,406.8,474.0
60,0,0,329.6,5.5,6.5,92.3,568.0
60,0.05,0,917.1,15.3,18.0,256.8,568.0
60,0.1,0,1499.7,25.0,29.4,419.9,568.0
80,0,0,448.7,10.0,11.7,125.6,758.0
80,0.05,0,1036.2,23.0,27.1,290.1,758.0
80,0.1,0,1618.8,36.0,42.3,453.3,758.0
90,0,0,521.1,13.0,15.3,145.9,853.0
90,0.05,0,1108.5,27.7,32.6,310.4,853.0
90,0.1,0,1691.1,42.3,49.7,473.5,853.0
100,0,0,601.9,16.7,19.7,168.5,947.0
100,0.05,0,1189.3,33.0,38.9,333.0,947.0
100,0.1,0,1771.9,49.2,57.9,496.1,947.0
110,0,0,691.2,21.1,24.8,193.5,1042.0
110,0.05,0,1278.6,39.1,46.0,358.0,1042.0
110,0.1,0,1861.3,56.9,66.9,521.2,1042.0
